{"cameraMode":{"drawMode":0,"name":"Shaded","section":"Shading Mode"},"sceneLighting":true,"audioPlay":false,"sceneViewState":{"showFog":true,"showMaterialUpdate":false,"showSkybox":true,"showFlares":true,"showImageEffects":true,"showParticleSystems":true},"in2DMode":false,"pivot":{"x":1.1859807968139649,"y":2.3747568130493166,"z":-1.982370376586914},"rotation":{"x":-0.02835771255195141,"y":0.956648588180542,"z":-0.09966770559549332,"w":-0.27218925952911379},"size":10.0,"orthographic":false}