{"cameraMode":{"drawMode":0,"name":"Shaded","section":"Shading Mode"},"sceneLighting":true,"audioPlay":false,"sceneViewState":{"showFog":true,"showMaterialUpdate":false,"showSkybox":true,"showFlares":true,"showImageEffects":true,"showParticleSystems":true},"in2DMode":false,"pivot":{"x":74.35029602050781,"y":149.93614196777345,"z":-208.37112426757813},"rotation":{"x":-0.3137924373149872,"y":0.20258168876171113,"z":0.06760064512491226,"w":0.925430417060852},"size":273.3218994140625,"orthographic":false}